{
    "rlimit": {
        "data": -1,
        "stack": -1
    },
    "stat": {
        "totalObjSize": 259456,
        "ru_self_cgstart": {
            "ru_stime_sec": 0.43962699999999999,
            "ru_utime_sec": 2.0902270000000001,
            "ru_minflt": 61237,
            "ru_maxrss_kb": 196848,
            "ru_majflt": 0,
            "ru_nvcsw": 7427,
            "ru_nivcsw": 9
        },
        "Frontend(%)": 60.942607236865044,
        "ru_childs_cgstart": {
            "ru_stime_sec": 0.13070399999999999,
            "ru_utime_sec": 0.077776999999999999,
            "ru_minflt": 16968,
            "ru_maxrss_kb": 196848,
            "ru_majflt": 0,
            "ru_nvcsw": 2132,
            "ru_nivcsw": 2
        },
        "realTime": 5.657371997833252,
        "cpu_cycles_cgstart": 1159619203668,
        "nMops": 1944,
        "ru_childs_end": {
            "ru_stime_sec": 1.752626,
            "ru_utime_sec": 1.4642629999999999,
            "ru_minflt": 53157,
            "ru_maxrss_kb": 196848,
            "ru_majflt": 0,
            "ru_nvcsw": 17960,
            "ru_nivcsw": 6
        },
        "nQuads": 682,
        "cpu_cycles_total": 15172775882,
        "outputSizePerQuad": 380.43401759530792,
        "ru_self_end": {
            "ru_stime_sec": 0.53340100000000001,
            "ru_utime_sec": 2.0931890000000002,
            "ru_minflt": 64700,
            "ru_maxrss_kb": 197816,
            "ru_majflt": 0,
            "ru_nvcsw": 8463,
            "ru_nivcsw": 10
        },
        "quadSpeed": 490.84240648084716,
        "cpu_cycles_end": 1167122587554,
        "peak_mem_kb": 382564,
        "mopSpeed": 1399.1167715524441,
        "mop/quad": 2.8504398826979473,
        "CodeGen(%)": 39.057392763134956
    },
    "CurCompileModules": [
        "...MASTER...",
        "...MASTER...",
        "_vcs_unit__4215556882",
        "_vcs_unit__4215556882",
        "tb_top",
        "tb_top",
        "_vcs_DPI_package",
        "_vcs_DPI_package"
    ],
    "LVLData": [
        "SIM"
    ],
    "cycles_program_begin": 1151949811672,
    "Misc": {
        "csrc_abs": "/mnt/hgfs/Project/eva-riscv/my_riscv/sim/work/csrc",
        "vcs_version": "O-2018.09-SP2_Full64",
        "hostname": "",
        "cwd": "/mnt/hgfs/Project/eva-riscv/my_riscv/sim",
        "daidir_abs": "/mnt/hgfs/Project/eva-riscv/my_riscv/sim/work/run/simv.daidir",
        "vcs_build_date": "Build Date = Feb 28 2019 22:34:30",
        "master_pid": 4764,
        "VCS_HOME": "/home/alicealike1022/Downloads/synopsis/vcs2018/vcs/O-2018.09-SP2",
        "csrc": "work/csrc",
        "daidir": "/mnt/hgfs/Project/eva-riscv/my_riscv/sim/work/run/simv.daidir",
        "default_output_dir": "work/csrc",
        "archive_dir": "archive.0"
    },
    "CompileStatus": "Successful",
    "perf": [
        {
            "stat": [
                "main",
                "entry",
                0.01272892951965332,
                0.022637000000000001,
                0.0045269999999999998,
                200752,
                200752,
                0.0,
                0.0,
                1775716266.273598,
                1151949947440
            ],
            "sub": [
                {
                    "stat": [
                        "doParsingAndDesignResolution",
                        "entry",
                        0.22162389755249023,
                        0.024067999999999999,
                        0.015739,
                        209764,
                        210564,
                        0.0,
                        0.0,
                        1775716266.4824929,
                        1152511449654
                    ],
                    "sub": []
                },
                {
                    "stat": [
                        "doParsingAndDesignResolution",
                        "exit",
                        0.99963593482971191,
                        0.73964799999999997,
                        0.31017499999999998,
                        352620,
                        382564,
                        0.0,
                        0.0,
                        1775716267.260505,
                        1154602788652
                    ],
                    "sub": []
                },
                {
                    "stat": [
                        "doPostDesignResolutionToVir2Vcs",
                        "entry",
                        1.0223720073699951,
                        0.75693699999999997,
                        0.31017499999999998,
                        338604,
                        382564,
                        0.0,
                        0.0,
                        1775716267.283241,
                        1154663852018
                    ],
                    "sub": [
                        {
                            "stat": [
                                "doUptoVir2VcsNoSepCleanup",
                                "entry",
                                1.3701379299163818,
                                1.0627610000000001,
                                0.31847399999999998,
                                338860,
                                382564,
                                0.066800999999999999,
                                0.104292,
                                1775716267.631007,
                                1155598686816
                            ],
                            "sub": []
                        },
                        {
                            "stat": [
                                "doUptoVir2VcsNoSepCleanup",
                                "exit",
                                2.6976699829101562,
                                1.989527,
                                0.43146299999999999,
                                345868,
                                382564,
                                0.073668999999999998,
                                0.116966,
                                1775716268.958539,
                                1159167089238
                            ],
                            "sub": []
                        },
                        {
                            "stat": [
                                "doRadify_vir2vcsAll",
                                "entry",
                                2.6977338790893555,
                                1.989581,
                                0.431475,
                                345868,
                                382564,
                                0.073668999999999998,
                                0.116966,
                                1775716268.9586029,
                                1159167158264
                            ],
                            "sub": []
                        },
                        {
                            "stat": [
                                "doRadify_vir2vcsAll",
                                "exit",
                                2.7973849773406982,
                                2.0833810000000001,
                                0.43503500000000001,
                                365776,
                                382564,
                                0.073668999999999998,
                                0.116966,
                                1775716269.058254,
                                1159435116674
                            ],