{
    "Modules": {
        "...MASTER...": {
            "child_modules": {
                "uvm_pkg": 1,
                "vcs_paramclassrepository": 1,
                "_vcs_DPI_package": 1,
                "tb_top": 1,
                "_vcs_unit__4215556882": 1,
                "std": 1,
                "clk_rst_pkg": 1,
                "ID_pkg": 1
            },
            "start_perf": [
                2.240851879119873,
                2.0634060000000001,
                0.27107399999999998,
                361116,
                382572,
                1775720082.702292,
                11410409683554
            ],
            "end_perf": [
                2.2421679496765137,
                2.064568,
                0.271227,
                362096,
                382572,
                11410413227612,
                0,
                0
            ],
            "nQuads": 0,
            "nRouts": 5,
            "nMops": 0
        },
        "_vcs_DPI_package": {
            "child_modules": {},
            "start_perf": [
                2.2665679454803467,
                2.0766629999999999,
                0.28351799999999999,
                363060,
                382572,
                1775720082.728008,
                11410478810992
            ],
            "Compiled": "Yes",
            "Compiled Times": 1,
            "end_perf": [
                2.2680718898773193,
                2.0766629999999999,
                0.285022,
                363060,
                382572,
                11410482877450,
                0,
                0
            ],
            "nQuads": 28,
            "nRouts": 6,
            "nMops": 43
        },
        "tb_top": {
            "child_modules": {
                "ID_top": 1,
                "clk_rst_interface": 1,
                "ID_interface": 1
            },
            "start_perf": [
                2.2600669860839844,
                2.070592,
                0.28308800000000001,
                363060,
                382572,
                1775720082.7215071,
                11410461320802
            ],
            "Compiled": "Yes",
            "Compiled Times": 1,
            "end_perf": [
                2.2664158344268799,
                2.0766629999999999,
                0.28336499999999998,
                363060,
                382572,
                11410478753684,
                47244640257,
                0
            ],
            "nQuads": 281,
            "nRouts": 58,
            "nMops": 671
        },
        "_vcs_unit__4215556882": {
            "start_perf": [
                2.2452390193939209,
                2.064568,
                0.27429900000000002,
                362096,
                382572,
                1775720082.7066791,
                11410421541224
            ],
            "child_modules": {},
            "Compiled": "Yes",
            "Compiled Times": 1,
            "end_perf": [
                2.2600278854370117,
                2.0705559999999998,
                0.28308299999999997,
                363060,
                382572,
                11410461270976,
                4294967297,
                0
            ],
            "svclass": [
                "ID_env",
                6345,
                499,
                8,
                8,
                4294974807,
                "base_test",
                8936,
                702,
                14,
                9,
                4294974924
            ],
            "nQuads": 372,
            "nMops": 1230,
            "nRouts": 40
        }
    },
    "CompUnits": {
        "JmpFG_d": {
            "bytes": 94106,
            "mod": "_vcs_unit__4215556882",
            "out": "JmpFG_d.o",
            "cls": 15281,
            "text": 15916,
            "checksum": 0,
            "mode": 4,
            "archive": "archive.0/_13837_archive_1.a"
        },
        "amcQw_d": {
            "bytes": 8968,
            "mod": "...MASTER...",
            "out": "objs/amcQw_d.o",
            "text": 594,
            "checksum": 0,
            "mode": 4
        },
        "jdPWL_d": {
            "bytes": 30694,
            "mod": "tb_top",
            "out": "jdPWL_d.o",
            "text": 6726,
            "checksum": 0,
            "mode": 4,
            "archive": "archive.0/_13837_archive_1.a"
        },
        "uM9F1_d": {
            "bytes": 9384,
            "mod": "_vcs_DPI_package",
            "out": "uM9F1_d.o",
            "text": 1068,
            "checksum": 0,
            "mode": 4,
            "archive": "archive.0/_13837_archive_1.a"
        }
    },
    "reusePaths": {},
    "ObjArchives": [
        {
            "archive": "archive.0/_13837_archive_1.a",
            "objects": [
                [
                    "JmpFG_d.o",
                    94106
                ],
                [
                    "jdPWL_d.o",
                    30694
                ],
                [
                    "uM9F1_d.o",
                    9384
                ],
                [
                    "amcQwB.o",
                    116208
                ]
            ],
            "size": 250392
        }
    ],
    "stat": {
        "ru_self_end": {
            "ru_stime_sec": 0.29149000000000003,
            "ru_utime_sec": 2.1011579999999999,
            "ru_nvcsw": 315,
            "ru_maxrss_kb": 197760,
            "ru_majflt": 0,
            "ru_minflt": 64657,
            "ru_nivcsw": 5
        },
        "ru_childs_end": {
            "ru_stime_sec": 0.167353,
            "ru_utime_sec": 2.4822190000000002,
            "ru_nvcsw": 111,
            "ru_maxrss_kb": 196856,
            "ru_majflt": 0,
            "ru_minflt": 53275,
            "ru_nivcsw": 10
        },
        "cpu_cycles_end": 11414162442312,
        "peak_mem_kb": 382572
    }
}