{
    "Modules": {
        "clk_rst_interface": {
            "start_perf": [
                2.3046419620513916,
                0.047508000000000002,
                0.011877,
                363060,
                363060,
                1775720082.766082,
                11410581142548
            ],
            "child_modules": {},
            "Compiled": "Yes",
            "Compiled Times": 1,
            "end_perf": [
                2.3100829124450684,
                0.052671000000000003,
                0.012154,
                363060,
                363060,
                11410595832562,
                34359738369,
                0
            ],
            "svclass": [
                "clk_rst_interface_vcs_virt_intf_C",
                0,
                0,
                0,
                0,
                0
            ],
            "nQuads": 242,
            "nMops": 569,
            "nRouts": 42
        },
        "std": {
            "start_perf": [
                2.2989590167999268,
                0.042078999999999998,
                0.011639,
                363060,
                363060,
                1775720082.7603991,
                11410565867104
            ],
            "child_modules": {},
            "Compiled": "Yes",
            "Compiled Times": 1,
            "end_perf": [
                2.3045918941497803,
                0.047468000000000003,
                0.011867000000000001,
                363060,
                363060,
                11410581068354,
                8589934594,
                0
            ],
            "svclass": [
                "$vcs_nba_dyn_obj",
                576,
                35,
                2,
                2,
                0,
                "sigprop$$",
                576,
                35,
                2,
                2,
                0,
                "process",
                2378,
                200,
                8,
                8,
                0,
                "event",
                597,
                34,
                2,
                2,
                0,
                "mailbox",
                1769,
                140,
                9,
                9,
                0,
                "semaphore",
                1128,
                84,
                5,
                5,
                0
            ],
            "nQuads": 224,
            "nMops": 543,
            "nRouts": 34
        },
        "clk_rst_pkg": {
            "start_perf": [
                2.245715856552124,
                0.00051099999999999995,
                0.0,
                362096,
                362096,
                1775720082.7071559,
                11410423093814
            ],
            "child_modules": {},
            "Compiled": "Yes",
            "Compiled Times": 1,
            "significant_routs": [
                [
                    11,
                    "F_VCSgd_JgxjY_7_0",
                    33469759,
                    19573,
                    1871
                ]
            ],
            "end_perf": [
                2.2801179885864258,
                0.02325,
                0.011625,
                363060,
                363060,
                11410515276100,
                42949672961,
                0
            ],
            "svclass": [
                "clk_rst_config",
                24867,
                2288,
                9,
                9,
                42949673066,
                "clk_rst_agent",
                7783,
                580,
                10,
                10,
                42949673200
            ],
            "nQuads": 923,
            "nMops": 2938,
            "nRouts": 32
        },
        "ID_top": {
            "child_modules": {},
            "start_perf": [
                2.2801589965820312,
                0.023279000000000001,
                0.011639,
                363060,
                363060,
                1775720082.7415991,
                11410515333272
            ],
            "Compiled": "Yes",
            "Compiled Times": 1,
            "end_perf": [
                2.2989168167114258,
                0.042035000000000003,
                0.011639,
                363060,
                363060,
                11410565821660,
                21474836481,
                0
            ],
            "nQuads": 1056,
            "nRouts": 86,
            "nMops": 2565
        },
        "ID_interface": {
            "start_perf": [
                2.3101248741149902,
                0.052706000000000003,
                0.012161999999999999,
                363060,
                363060,
                1775720082.771565,
                11410595880534
            ],
            "child_modules": {},
            "Compiled": "Yes",
            "Compiled Times": 1,
            "end_perf": [
                2.3118298053741455,
                0.05441,
                0.012161999999999999,
                363060,
                363060,
                11410600502072,
                30064771073,
                0
            ],
            "svclass": [
                "ID_interface_vcs_virt_intf_C",
                0,
                0,
                0,
                0,
                0
            ],
            "nQuads": 66,
            "nMops": 201,
            "nRouts": 17
        }
    },
    "CompUnits": {
        "JgxjY_d": {
            "bytes": 113296,
            "mod": "clk_rst_pkg",
            "out": "JgxjY_d.o",
            "cls": 32650,
            "text": 33596,
            "checksum": 0,
            "mode": 4,
            "archive": "archive.0/_13866_archive_1.a"
        },
        "icYjV_d": {
            "bytes": 43344,
            "mod": "ID_top",
            "out": "icYjV_d.o",
            "text": 25071,
            "checksum": 0,
            "mode": 4,
            "archive": "archive.0/_13866_archive_1.a"
        },
        "DFRKq_d": {
            "bytes": 27076,
            "mod": "clk_rst_interface",
            "out": "DFRKq_d.o",
            "text": 4934,
            "checksum": 0,
            "mode": 4,
            "archive": "archive.0/_13866_archive_1.a"
        },
        "reYIK_d": {
            "bytes": 44606,
            "mod": "std",
            "out": "reYIK_d.o",
            "cls": 7024,
            "text": 7441,
            "checksum": 0,
            "mode": 4,
            "archive": "archive.0/_13866_archive_1.a"
        },
        "CKbWd_d": {
            "bytes": 18438,
            "mod": "ID_interface",
            "out": "CKbWd_d.o",
            "text": 1560,
            "checksum": 0,
            "mode": 4,
            "archive": "archive.0/_13866_archive_1.a"
        }
    },
    "reusePaths": {},
    "ObjArchives": [
        {
            "archive": "archive.0/_13866_archive_1.a",
            "objects": [
                [
                    "JgxjY_d.o",
                    113296
                ],
                [
                    "icYjV_d.o",
                    43344
                ],
                [
                    "reYIK_d.o",
                    44606
                ],
                [
                    "DFRKq_d.o",
                    27076
                ],
                [
                    "CKbWd_d.o",
                    18438
                ]
            ],
            "size": 246760
        }
    ],
    "stat": {
        "ru_self_end": {
            "ru_stime_sec": 0.012161999999999999,
            "ru_utime_sec": 0.054517999999999997,
            "ru_nvcsw": 0,
            "ru_maxrss_kb": 134112,
            "ru_majflt": 0,
            "ru_minflt": 3887,
            "ru_nivcsw": 2
        },
        "ru_childs_end": {
            "ru_stime_sec": 0.0,
            "ru_utime_sec": 0.0,
            "ru_nvcsw": 0,
            "ru_maxrss_kb": 0,
            "ru_majflt": 0,
            "ru_minflt": 0,