{
    "ObjArchives": [
        {
            "archive": "archive.0/_4793_archive_1.a",
            "objects": [
                [
                    "JgxjY_d.o",
                    113272
                ],
                [
                    "icYjV_d.o",
                    43320
                ],
                [
                    "reYIK_d.o",
                    44582
                ],
                [
                    "DFRKq_d.o",
                    27028
                ],
                [
                    "CKbWd_d.o",
                    18414
                ]
            ],
            "size": 246616
        }
    ],
    "Modules": {
        "clk_rst_pkg": {
            "nMops": 2938,
            "start_perf": [
                2.8848998546600342,
                0.00042200000000000001,
                0.0,
                362084,
                362084,
                1775716269.1457689,
                1159670483169
            ],
            "Compiled Times": 1,
            "child_modules": {},
            "end_perf": [
                2.9765429496765137,
                0.0082089999999999993,
                0.045151999999999998,
                363048,
                363048,
                1159916651983,
                42949672961,
                0
            ],
            "Compiled": "Yes",
            "svclass": [
                "clk_rst_config",
                24867,
                2288,
                9,
                9,
                42949673066,
                "clk_rst_agent",
                7783,
                580,
                10,
                10,
                42949673200
            ],
            "significant_routs": [
                [
                    11,
                    "F_VCSgd_JgxjY_7_0",
                    57487791,
                    19573,
                    1871
                ]
            ],
            "nQuads": 923,
            "nRouts": 32
        },
        "std": {
            "start_perf": [
                3.0133118629455566,
                0.0082220000000000001,
                0.075444999999999998,
                363048,
                363048,
                1775716269.2741809,
                1160015478509
            ],
            "Compiled Times": 1,
            "nMops": 543,
            "child_modules": {},
            "end_perf": [
                3.0386500358581543,
                0.0082220000000000001,
                0.086517999999999998,
                363048,
                363048,
                1160083671917,
                8589934594,
                0
            ],
            "Compiled": "Yes",
            "svclass": [
                "$vcs_nba_dyn_obj",
                576,
                35,
                2,
                2,
                0,
                "sigprop$$",
                576,
                35,
                2,
                2,
                0,
                "process",
                2378,
                200,
                8,
                8,
                0,
                "event",
                597,
                34,
                2,
                2,
                0,
                "mailbox",
                1769,
                140,
                9,
                9,
                0,
                "semaphore",
                1128,
                84,
                5,
                5,
                0
            ],
            "nQuads": 224,
            "nRouts": 34
        },
        "ID_top": {
            "nMops": 2565,
            "Compiled Times": 1,
            "start_perf": [
                2.9766240119934082,
                0.0082220000000000001,
                0.045220999999999997,
                363048,
                363048,
                1775716269.237493,
                1159916820871
            ],
            "nRouts": 86,
            "end_perf": [
                3.0132639408111572,
                0.0082220000000000001,
                0.075396000000000005,
                363048,
                363048,
                1160015377141,
                21474836481,
                0
            ],
            "child_modules": {},
            "Compiled": "Yes",
            "nQuads": 1056
        },
        "clk_rst_interface": {
            "start_perf": [
                3.0387349128723145,
                0.0082220000000000001,
                0.086602999999999999,
                363048,
                363048,
                1775716269.2996039,
                1160083804071
            ],
            "Compiled Times": 1,
            "nMops": 569,
            "child_modules": {},
            "end_perf": [
                3.0495529174804688,
                0.011948,
                0.091606000000000007,
                363048,
                363048,
                1160112919518,
                34359738369,
                0
            ],
            "Compiled": "Yes",
            "svclass": [
                "clk_rst_interface_vcs_virt_intf_C",
                0,
                0,
                0,
                0,
                0
            ],
            "nQuads": 242,
            "nRouts": 42
        },
        "ID_interface": {
            "start_perf": [
                3.0496249198913574,
                0.011957000000000001,
                0.091670000000000001,
                363048,
                363048,
                1775716269.3104939,
                1160113048310
            ],
            "Compiled Times": 1,
            "nMops": 201,
            "child_modules": {},
            "end_perf": [
                3.0544559955596924,
                0.011957000000000001,
                0.094841999999999996,
                363048,
                363048,
                1160126122177,
                30064771073,
                0
            ],
            "Compiled": "Yes",
            "svclass": [
                "ID_interface_vcs_virt_intf_C",
                0,
                0,
                0,
                0,
                0
            ],
            "nQuads": 66,
            "nRouts": 17
        }
    },
    "CompUnits": {
        "JgxjY_d": {
            "mod": "clk_rst_pkg",
            "checksum": 0,
            "text": 33596,
            "out": "JgxjY_d.o",
            "archive": "archive.0/_4793_archive_1.a",
            "bytes": 113272,
            "cls": 32650,
            "mode": 4
        },
        "icYjV_d": {
            "mod": "ID_top",
            "checksum": 0,
            "text": 25071,
            "out": "icYjV_d.o",
            "archive": "archive.0/_4793_archive_1.a",
            "bytes": 43320,
            "mode": 4
        },
        "reYIK_d": {
            "mod": "std",
            "checksum": 0,
            "text": 7441,
            "out": "reYIK_d.o",
            "archive": "archive.0/_4793_archive_1.a",
            "bytes": 44582,
            "cls": 7024,
            "mode": 4
        },
        "DFRKq_d": {
            "mod": "clk_rst_interface",
            "checksum": 0,
            "text": 4934,
            "out": "DFRKq_d.o",
            "archive": "archive.0/_4793_archive_1.a",
            "bytes": 27028,
            "mode": 4
        },
        "CKbWd_d": {
            "mod": "ID_interface",
            "checksum": 0,
            "text": 1560,
            "out": "CKbWd_d.o",
            "archive": "archive.0/_4793_archive_1.a",
            "bytes": 18414,
            "mode": 4
        }
    },
    "stat": {
        "peak_mem_kb": 363048,
        "ru_self_end": {
            "ru_stime_sec": 0.095126000000000002,
            "ru_utime_sec": 0.011957000000000001,
            "ru_minflt": 3875,
            "ru_maxrss_kb": 134104,
            "ru_majflt": 0,
            "ru_nvcsw": 260,
            "ru_nivcsw": 0
        },
        "ru_childs_end": {
            "ru_stime_sec": 0.0,
            "ru_utime_sec": 0.0,
            "ru_minflt": 0,