{
    "reusePaths": {},
    "Modules": {
        "clk_rst_interface": {
            "start_perf": [
                2.3302030563354492,
                0.048711999999999998,
                0.012605,
                363048,
                363048,
                1775721156.605938,
                14297078000636
            ],
            "child_modules": {},
            "nQuads": 242,
            "Compiled": "Yes",
            "nMops": 569,
            "Compiled Times": 1,
            "svclass": [
                "clk_rst_interface_vcs_virt_intf_C",
                0,
                0,
                0,
                0,
                0
            ],
            "end_perf": [
                2.3355400562286377,
                0.054047999999999999,
                0.012605,
                363048,
                363048,
                14297092396486,
                34359738369,
                0
            ],
            "nRouts": 42
        },
        "clk_rst_pkg": {
            "start_perf": [
                2.2672810554504395,
                0.00056700000000000001,
                0.0,
                362084,
                362084,
                1775721156.543016,
                14296909147845
            ],
            "child_modules": {},
            "nQuads": 923,
            "Compiled": "Yes",
            "Compiled Times": 1,
            "nRouts": 32,
            "significant_routs": [
                [
                    11,
                    "F_VCSgd_JgxjY_7_0",
                    37912733,
                    19573,
                    1871
                ]
            ],
            "svclass": [
                "clk_rst_config",
                24867,
                2288,
                9,
                9,
                42949673066,
                "clk_rst_agent",
                7783,
                580,
                10,
                10,
                42949673200
            ],
            "end_perf": [
                2.3066511154174805,
                0.025182,
                0.012591,
                363048,
                363048,
                14297014747480,
                42949672961,
                0
            ],
            "nMops": 2938
        },
        "ID_top": {
            "start_perf": [
                2.3066930770874023,
                0.025211000000000001,
                0.012605,
                363048,
                363048,
                1775721156.582428,
                14297014804770
            ],
            "child_modules": {},
            "nQuads": 1056,
            "Compiled": "Yes",
            "nMops": 2565,
            "Compiled Times": 1,
            "end_perf": [
                2.3248682022094727,
                0.043374999999999997,
                0.012605,
                363048,
                363048,
                14297063745382,
                21474836481,
                0
            ],
            "nRouts": 86
        },
        "std": {
            "start_perf": [
                2.3249180316925049,
                0.043427,
                0.012605,
                363048,
                363048,
                1775721156.6006529,
                14297063813860
            ],
            "child_modules": {},
            "nQuads": 224,
            "Compiled": "Yes",
            "nMops": 543,
            "Compiled Times": 1,
            "svclass": [
                "$vcs_nba_dyn_obj",
                576,
                35,
                2,
                2,
                0,
                "sigprop$$",
                576,
                35,
                2,
                2,
                0,
                "process",
                2378,
                200,
                8,
                8,
                0,
                "event",
                597,
                34,
                2,
                2,
                0,
                "mailbox",
                1769,
                140,
                9,
                9,
                0,
                "semaphore",
                1128,
                84,
                5,
                5,
                0
            ],
            "end_perf": [
                2.3301541805267334,
                0.048661999999999997,
                0.012605,
                363048,
                363048,
                14297077931540,
                8589934594,
                0
            ],
            "nRouts": 34
        },
        "ID_interface": {
            "start_perf": [
                2.335576057434082,
                0.054085000000000001,
                0.012605,
                363048,
                363048,
                1775721156.611311,
                14297092443004
            ],
            "child_modules": {},
            "nQuads": 66,
            "Compiled": "Yes",
            "nMops": 201,
            "Compiled Times": 1,
            "svclass": [
                "ID_interface_vcs_virt_intf_C",
                0,
                0,
                0,
                0,
                0
            ],
            "end_perf": [
                2.3374061584472656,
                0.055913999999999998,
                0.012605,
                363048,
                363048,
                14297097516042,
                30064771073,
                0
            ],
            "nRouts": 17
        }
    },
    "CompUnits": {
        "JgxjY_d": {
            "archive": "archive.0/_15770_archive_1.a",
            "bytes": 113296,
            "mod": "clk_rst_pkg",
            "out": "JgxjY_d.o",
            "cls": 32650,
            "text": 33596,
            "mode": 4,
            "checksum": 0
        },
        "CKbWd_d": {
            "archive": "archive.0/_15770_archive_1.a",
            "bytes": 18438,
            "mod": "ID_interface",
            "out": "CKbWd_d.o",
            "text": 1560,
            "mode": 4,
            "checksum": 0
        },
        "icYjV_d": {
            "archive": "archive.0/_15770_archive_1.a",
            "bytes": 43344,
            "mod": "ID_top",
            "out": "icYjV_d.o",
            "text": 25071,
            "mode": 4,
            "checksum": 0
        },
        "reYIK_d": {
            "archive": "archive.0/_15770_archive_1.a",
            "bytes": 44606,
            "mod": "std",
            "out": "reYIK_d.o",
            "cls": 7024,
            "text": 7441,
            "mode": 4,
            "checksum": 0
        },
        "DFRKq_d": {
            "archive": "archive.0/_15770_archive_1.a",
            "bytes": 27076,
            "mod": "clk_rst_interface",
            "out": "DFRKq_d.o",
            "text": 4934,
            "mode": 4,
            "checksum": 0
        }
    },
    "ObjArchives": [
        {
            "archive": "archive.0/_15770_archive_1.a",
            "objects": [
                [
                    "JgxjY_d.o",
                    113296
                ],
                [
                    "icYjV_d.o",
                    43344
                ],
                [
                    "reYIK_d.o",
                    44606
                ],
                [
                    "DFRKq_d.o",
                    27076
                ],
                [
                    "CKbWd_d.o",
                    18438
                ]
            ],
            "size": 246760
        }
    ],
    "stat": {
        "ru_self_end": {
            "ru_utime_sec": 0.056086999999999998,
            "ru_maxrss_kb": 134116,
            "ru_stime_sec": 0.012605,
            "ru_minflt": 3868,
            "ru_majflt": 0,
            "ru_nvcsw": 1,
            "ru_nivcsw": 1
        },
        "ru_childs_end": {
            "ru_utime_sec": 0.0,
            "ru_maxrss_kb": 0,
            "ru_stime_sec": 0.0,
            "ru_minflt": 0,
            "ru_majflt": 0,
            "ru_nvcsw": 0,
            "ru_nivcsw": 0
        },