{
    "Modules": {
        "ID_pkg": {
            "start_perf": [
                2.2452378273010254,
                0.00054699999999999996,
                0.0,
                362096,
                362096,
                1775720082.7066779,
                11410421862969
            ],
            "child_modules": {},
            "Compiled": "Yes",
            "Compiled Times": 1,
            "end_perf": [
                2.3112289905548096,
                0.054803999999999999,
                0.011743,
                363060,
                363060,
                11410598927852,
                38654705665,
                0
            ],
            "svclass": [
                "instr_transaction",
                27305,
                3263,
                16,
                15,
                38654705825,
                "instr_config",
                14788,
                1242,
                9,
                9,
                38654706215,
                "ID_monitor",
                11652,
                1507,
                13,
                8,
                38654706276,
                "ID_ref_model",
                9964,
                1118,
                8,
                8,
                38654706321,
                "ID_scoreboard",
                15736,
                1707,
                10,
                10,
                38654706564,
                "ID_agent",
                6943,
                555,
                8,
                8,
                38654706668
            ],
            "nQuads": 2957,
            "nMops": 9542,
            "nRouts": 85
        }
    },
    "CompUnits": {
        "i1YVA_d": {
            "bytes": 291332,
            "mod": "ID_pkg",
            "out": "i1YVA_d.o",
            "cls": 86388,
            "text": 88132,
            "checksum": 0,
            "mode": 4,
            "archive": "archive.0/_13865_archive_1.a"
        }
    },
    "reusePaths": {},
    "ObjArchives": [
        {
            "archive": "archive.0/_13865_archive_1.a",
            "objects": [
                [
                    "i1YVA_d.o",
                    291332
                ]
            ],
            "size": 291332
        }
    ],
    "stat": {
        "ru_self_end": {
            "ru_stime_sec": 0.011771,
            "ru_utime_sec": 0.054933999999999997,
            "ru_nvcsw": 0,
            "ru_maxrss_kb": 131084,
            "ru_majflt": 0,
            "ru_minflt": 3025,
            "ru_nivcsw": 0
        },
        "ru_childs_end": {
            "ru_stime_sec": 0.0,
            "ru_utime_sec": 0.0,
            "ru_nvcsw": 0,
            "ru_maxrss_kb": 0,
            "ru_majflt": 0,
            "ru_minflt": 0,
            "ru_nivcsw": 0
        },
        "cpu_cycles_end": 11410599270184,
        "peak_mem_kb": 363060
    }
}