{
    "ObjArchives": [
        {
            "archive": "archive.0/_4792_archive_1.a",
            "objects": [
                [
                    "i1YVA_d.o",
                    291308
                ]
            ],
            "size": 291308
        }
    ],
    "Modules": {
        "ID_pkg": {
            "start_perf": [
                2.8845419883728027,
                0.00056300000000000002,
                0.0,
                362084,
                362084,
                1775716269.145411,
                1159669650400
            ],
            "Compiled Times": 1,
            "nMops": 9542,
            "child_modules": {},
            "end_perf": [
                3.0305750370025635,
                0.019372,
                0.065866999999999995,
                363048,
                363048,
                1160061905699,
                38654705665,
                0
            ],
            "Compiled": "Yes",
            "svclass": [
                "instr_transaction",
                27305,
                3263,
                16,
                15,
                38654705825,
                "instr_config",
                14788,
                1242,
                9,
                9,
                38654706215,
                "ID_monitor",
                11652,
                1507,
                13,
                8,
                38654706276,
                "ID_ref_model",
                9964,
                1118,
                8,
                8,
                38654706321,
                "ID_scoreboard",
                15736,
                1707,
                10,
                10,
                38654706564,
                "ID_agent",
                6943,
                555,
                8,
                8,
                38654706668
            ],
            "nQuads": 2957,
            "nRouts": 85
        }
    },
    "CompUnits": {
        "i1YVA_d": {
            "mod": "ID_pkg",
            "checksum": 0,
            "text": 88132,
            "out": "i1YVA_d.o",
            "archive": "archive.0/_4792_archive_1.a",
            "bytes": 291308,
            "cls": 86388,
            "mode": 4
        }
    },
    "stat": {
        "peak_mem_kb": 363048,
        "ru_self_end": {
            "ru_stime_sec": 0.066158999999999996,
            "ru_utime_sec": 0.019458,
            "ru_minflt": 3014,
            "ru_maxrss_kb": 131076,
            "ru_majflt": 0,
            "ru_nvcsw": 301,
            "ru_nivcsw": 0
        },
        "ru_childs_end": {
            "ru_stime_sec": 0.0,
            "ru_utime_sec": 0.0,
            "ru_minflt": 0,
            "ru_maxrss_kb": 0,
            "ru_majflt": 0,
            "ru_nvcsw": 0,
            "ru_nivcsw": 0
        },
        "cpu_cycles_end": 1160065052631
    },
    "reusePaths": {}
}