{
    "reusePaths": {},
    "Modules": {
        "ID_pkg": {
            "start_perf": [
                2.2668190002441406,
                0.00061799999999999995,
                0.0,
                362084,
                362084,
                1775721156.5425539,
                14296908016130
            ],
            "child_modules": {},
            "nQuads": 2957,
            "Compiled": "Yes",
            "nMops": 9542,
            "Compiled Times": 1,
            "svclass": [
                "instr_transaction",
                27305,
                3263,
                16,
                15,
                38654705825,
                "instr_config",
                14788,
                1242,
                9,
                9,
                38654706215,
                "ID_monitor",
                11652,
                1507,
                13,
                8,
                38654706276,
                "ID_ref_model",
                9964,
                1118,
                8,
                8,
                38654706321,
                "ID_scoreboard",
                15736,
                1707,
                10,
                10,
                38654706564,
                "ID_agent",
                6943,
                555,
                8,
                8,
                38654706668
            ],
            "end_perf": [
                2.3338961601257324,
                0.047791,
                0.019911999999999999,
                363048,
                363048,
                14297087985229,
                38654705665,
                0
            ],
            "nRouts": 85
        }
    },
    "CompUnits": {
        "i1YVA_d": {
            "archive": "archive.0/_15769_archive_1.a",
            "bytes": 291332,
            "mod": "ID_pkg",
            "out": "i1YVA_d.o",
            "cls": 86388,
            "text": 88132,
            "mode": 4,
            "checksum": 0
        }
    },
    "ObjArchives": [
        {
            "archive": "archive.0/_15769_archive_1.a",
            "objects": [
                [
                    "i1YVA_d.o",
                    291332
                ]
            ],
            "size": 291332
        }
    ],
    "stat": {
        "ru_self_end": {
            "ru_utime_sec": 0.047896000000000001,
            "ru_maxrss_kb": 131084,
            "ru_stime_sec": 0.019956000000000002,
            "ru_minflt": 3019,
            "ru_majflt": 0,
            "ru_nvcsw": 0,
            "ru_nivcsw": 0
        },
        "ru_childs_end": {
            "ru_utime_sec": 0.0,
            "ru_maxrss_kb": 0,
            "ru_stime_sec": 0.0,
            "ru_minflt": 0,
            "ru_majflt": 0,
            "ru_nvcsw": 0,
            "ru_nivcsw": 0
        },
        "cpu_cycles_end": 14297088323015,
        "peak_mem_kb": 363048
    }
}