{
    "cpu_cycles_pass2_start": 45110748320069,
    "NameTable": {
        "_vcs_DPI_package": [
            "_vcs_DPI_package",
            "uM9F1",
            "module",
            1
        ],
        "vcs_paramclassrepository": [
            "vcs_paramclassrepository",
            "hEeZs",
            "module",
            2
        ],
        "std": [
            "std",
            "reYIK",
            "module",
            3
        ],
        "uvm_pkg": [
            "uvm_pkg",
            "zr7M1",
            "module",
            4
        ],
        "tb_mem": [
            "tb_mem",
            "zJjHe",
            "module",
            5
        ],
        "...MASTER...": [
            "SIM",
            "amcQw",
            "module",
            6
        ]
    },
    "cycles_program_begin": 45103958750713,
    "CompileStrategy": "fullobj",
    "perf": [
        {
            "stat": [
                "main",
                "entry",
                0.010989189147949219,
                0.016556999999999999,
                0.012418,
                200828,
                200828,
                0.0,
                0.0,
                1773731607.4201801,
                45103958900793
            ],
            "sub": [
                {
                    "stat": [
                        "doParsingAndDesignResolution",
                        "entry",
                        0.19163203239440918,
                        0.023366999999999999,
                        0.014019999999999999,
                        209760,
                        210560,
                        0.0,
                        0.0,
                        1773731607.6008229,
                        45104444489397
                    ],
                    "sub": []
                },
                {
                    "stat": [
                        "doParsingAndDesignResolution",
                        "exit",
                        1.2135250568389893,
                        1.184339,
                        0.2782,
                        348552,
                        382564,
                        0.0,
                        0.0,
                        1773731608.622716,
                        45107191422291
                    ],
                    "sub": []
                },
                {
                    "stat": [
                        "doPostDesignResolutionToVir2Vcs",
                        "entry",
                        1.2308840751647949,
                        1.2014229999999999,
                        0.27847499999999997,
                        334536,
                        382564,
                        0.0,
                        0.0,
                        1773731608.640075,
                        45107238053683
                    ],
                    "sub": [
                        {
                            "stat": [
                                "doUptoVir2VcsNoSepCleanup",
                                "entry",
                                1.5277211666107178,
                                1.489906,
                                0.28682600000000003,
                                334536,
                                382564,
                                0.0052440000000000004,
                                0.023122,
                                1773731608.9369121,
                                45108035961473
                            ],
                            "sub": []
                        },
                        {
                            "stat": [
                                "doUptoVir2VcsNoSepCleanup",
                                "exit",
                                2.4161911010742188,
                                2.302524,
                                0.35177399999999998,
                                354788,
                                382564,
                                0.013275,
                                0.024983999999999999,
                                1773731609.825382,
                                45110424254877
                            ],
                            "sub": []
                        },
                        {
                            "stat": [
                                "doRadify_vir2vcsAll",
                                "entry",
                                2.4162561893463135,
                                2.302581,
                                0.35178300000000001,
                                354788,
                                382564,
                                0.013275,
                                0.024983999999999999,
                                1773731609.8254471,
                                45110424328785
                            ],
                            "sub": []
                        },
                        {
                            "stat": [
                                "doRadify_vir2vcsAll",
                                "exit",
                                2.5110030174255371,
                                2.3934850000000001,
                                0.355626,
                                359308,
                                382564,
                                0.013275,
                                0.024983999999999999,
                                1773731609.9201939,
                                45110679117713
                            ],
                            "sub": []
                        }
                    ]
                },
                {
                    "stat": [
                        "doPostDesignResolutionToVir2Vcs",
                        "exit",
                        2.5110940933227539,
                        2.3935659999999999,
                        0.35563800000000001,
                        359308,
                        382564,
                        0.013275,
                        0.024983999999999999,
                        1773731609.920285,
                        45110679267711
                    ],
                    "sub": []
                },
                {
                    "stat": [
                        "doGAToPass2",
                        "entry",
                        2.5111072063446045,
                        2.3935770000000001,
                        0.35564000000000001,
                        359308,
                        382564,
                        0.013275,
                        0.024983999999999999,
                        1773731609.9202981,
                        45110679289983
                    ],
                    "sub": [
                        {
                            "stat": [
                                "DoPass2",
                                "entry",
                                2.5367531776428223,
                                2.4033340000000001,
                                0.35590100000000002,
                                354636,
                                382564,
                                0.020954,
                                0.033182999999999997,
                                1773731609.9459441,
                                45110748308415
                            ],