{
    "CompUnits": {
        "amcQw_d": {
            "checksum": 0,
            "mod": "...MASTER...",
            "out": "objs/amcQw_d.o",
            "mode": 4,
            "bytes": 8526,
            "text": 522
        },
        "uM9F1_d": {
            "checksum": 0,
            "mod": "_vcs_DPI_package",
            "out": "uM9F1_d.o",
            "mode": 4,
            "bytes": 9384,
            "archive": "archive.0/_26794_archive_1.a",
            "text": 1068
        },
        "reYIK_d": {
            "checksum": 0,
            "mod": "std",
            "out": "reYIK_d.o",
            "mode": 4,
            "bytes": 44606,
            "archive": "archive.0/_26794_archive_1.a",
            "text": 7441,
            "cls": 7024
        }
    },
    "Modules": {
        "...MASTER...": {
            "nQuads": 0,
            "start_perf": [
                2.5369391441345215,
                2.4034960000000001,
                0.35592499999999999,
                354636,
                382564,
                1773731609.94613,
                45110748750695
            ],
            "child_modules": {
                "uvm_pkg": 1,
                "vcs_paramclassrepository": 1,
                "std": 1,
                "tb_mem": 1,
                "_vcs_DPI_package": 1
            },
            "nRouts": 5,
            "end_perf": [
                2.5385911464691162,
                2.4051480000000001,
                0.35592499999999999,
                355616,
                382564,
                45110753203987,
                0,
                0
            ],
            "nMops": 0
        },
        "std": {
            "start_perf": [
                2.5415492057800293,
                2.4051480000000001,
                0.35888300000000001,
                355616,
                382564,
                1773731609.9507401,
                45110761195303
            ],
            "Compiled Times": 1,
            "nQuads": 224,
            "child_modules": {},
            "nMops": 543,
            "Compiled": "Yes",
            "nRouts": 34,
            "end_perf": [
                2.5578451156616211,
                2.4168069999999999,
                0.36351899999999998,
                356584,
                382564,
                45110805008713,
                8589934594,
                0
            ],
            "svclass": [
                "$vcs_nba_dyn_obj",
                576,
                35,
                2,
                2,
                0,
                "sigprop$$",
                576,
                35,
                2,
                2,
                0,
                "process",
                2378,
                200,
                8,
                8,
                0,
                "event",
                597,
                34,
                2,
                2,
                0,
                "mailbox",
                1769,
                140,
                9,
                9,
                0,
                "semaphore",
                1128,
                84,
                5,
                5,
                0
            ]
        },
        "_vcs_DPI_package": {
            "nQuads": 28,
            "Compiled Times": 1,
            "start_perf": [
                2.55790114402771,
                2.4168560000000001,
                0.36352699999999999,
                356584,
                382564,
                1773731609.967092,
                45110805105559
            ],
            "child_modules": {},
            "nMops": 43,
            "Compiled": "Yes",
            "nRouts": 6,
            "end_perf": [
                2.5685751438140869,
                2.4271799999999999,
                0.36387700000000001,
                356584,
                382564,
                45110833857973,
                0,
                0
            ]
        }
    },
    "reusePaths": {},
    "stat": {
        "ru_self_end": {
            "ru_majflt": 0,
            "ru_minflt": 58916,
            "ru_maxrss_kb": 192324,
            "ru_utime_sec": 2.4418929999999999,
            "ru_stime_sec": 0.38315199999999999,
            "ru_nvcsw": 308,
            "ru_nivcsw": 16
        },
        "ru_childs_end": {
            "ru_majflt": 0,
            "ru_minflt": 43124,
            "ru_maxrss_kb": 191884,
            "ru_utime_sec": 1.8569629999999999,
            "ru_stime_sec": 0.52554299999999998,
            "ru_nvcsw": 102,
            "ru_nivcsw": 9
        },
        "cpu_cycles_end": 45114646184773,
        "peak_mem_kb": 382564
    },
    "ObjArchives": [
        {
            "archive": "archive.0/_26794_archive_1.a",
            "objects": [
                [
                    "reYIK_d.o",
                    44606
                ],
                [
                    "uM9F1_d.o",
                    9384
                ],
                [
                    "amcQwB.o",
                    116508
                ]
            ],
            "size": 170498
        }
    ]
}